,RF 9_Single,RF 8_Single,RF 7_Single,RF 6_Single
RF 9_Single,1.0,0.9173443010134223,0.8591585655623327,0.8749077802019151
RF 8_Single,0.9173443010134223,1.0,0.8601010051509462,0.8966865592963966
RF 7_Single,0.8591585655623327,0.8601010051509462,1.0,0.9521009112537225
RF 6_Single,0.8749077802019151,0.8966865592963966,0.9521009112537225,1.0
