,XGB,Grid SVM,Grid RF,Voting soft with grid,Voting hard with grid,Ensemble RF - all,Ensemble RF - soft RF,Ensemble RF - hard RF,Ensemble RF - soft hard RF
XGB,1.0,0.7167269489460524,0.7743385393906621,0.8298118414944242,0.8700019880830776,0.8957064897316486,0.9002791230288427,0.8954089964300799,0.9053712258819767
Grid SVM,0.7167269489460524,1.0,0.8720043208875276,0.8864820920672556,0.8571227049602883,0.6430740037950666,0.6570671020175203,0.6523776048124793,0.6523776048124792
Grid RF,0.7743385393906621,0.8720043208875276,1.0,0.9130691786604868,0.8871116958788842,0.7407519947088425,0.7439618726698994,0.7496151695999264,0.7394996239874273
Voting soft with grid,0.8298118414944242,0.8864820920672556,0.9130691786604868,1.0,0.9149809399736456,0.7557448698913503,0.7692969364766002,0.7647519531367272,0.7647519531367273
Voting hard with grid,0.8700019880830776,0.8571227049602883,0.8871116958788842,0.9149809399736456,1.0,0.7952084266181103,0.8079085052682686,0.8036471031323567,0.8036471031323565
Ensemble RF - all,0.8957064897316486,0.6430740037950666,0.7407519947088425,0.7557448698913503,0.7952084266181103,1.0,0.985196260124447,0.990115857748331,0.990115857748331
Ensemble RF - soft RF,0.9002791230288427,0.6570671020175203,0.7439618726698994,0.7692969364766002,0.8079085052682686,0.985196260124447,1.0,0.9850690614971523,0.9950312909490493
Ensemble RF - hard RF,0.8954089964300799,0.6523776048124793,0.7496151695999264,0.7647519531367272,0.8036471031323567,0.990115857748331,0.9850690614971523,1.0,0.9900476190476187
Ensemble RF - soft hard RF,0.9053712258819767,0.6523776048124792,0.7394996239874273,0.7647519531367273,0.8036471031323565,0.990115857748331,0.9950312909490493,0.9900476190476187,1.0
