,Log,Grid Log
Log,1.0,0.9800647041926325
Grid Log,0.9800647041926325,1.0
