,Log_Single,KNN 8_Single
Log_Single,1.0,0.8101187845547265
KNN 8_Single,0.8101187845547265,1.0
