,Log_Single,ET 5_Single,KNN 8_Single
Log_Single,1.0,0.8705749498224868,0.808366220716703
ET 5_Single,0.8705749498224868,1.0,0.8720146968769152
KNN 8_Single,0.808366220716703,0.8720146968769152,1.0
